{
    "loss": 2.5448262691497803,
    "accuracy": 0.5827338099479675
}