{
    "loss": 0.19287942349910736,
    "accuracy": 0.9568345546722412
}